flags,instruction,category,intent,response
B,question about cancelling order {{Order Number}},ORDER,cancel_order,"I've understood you have a question regarding canceling order {{Order Number}}, and I'm here to provide you with the information you need. Please go ahead and ask your question, and I'll do my best to assist you."
BQZ,i have a question about cancelling oorder {{Order Number}},ORDER,cancel_order,"I've been informed that you have a question about canceling order {{Order Number}}. I'm here to assist you! Please go ahead and let me know what specific question you have, and I'll provide you with all the information and guidance you need. Your satisfaction is my top priority."
BLQZ,i need help cancelling puchase {{Order Number}},ORDER,cancel_order,"I can sense that you're seeking assistance with canceling your purchase with the purchase number {{Order Number}}. I apologize for any inconvenience caused, and I'm here to guide you through the process.

To cancel your purchase, please follow these steps:

1. Log into your account: Visit our {{Online Company Portal Info}} and sign in using your credentials.
2. Locate your order: Once logged in, navigate to the '{{Online Order Interaction}}' or '{{Online Order Interaction}}' section to find the purchase with the order number {{Order Number}}.
3. Initiate the cancellation: Upon finding your purchase, look for the option labeled '{{Online Order Interaction}}' and click on it to initiate the cancellation process.
4. Confirm the cancellation: Our system might ask for confirmation or feedback regarding the cancellation. Kindly provide the necessary information to complete the process.
5. Seek additional support: If you encounter any difficulties or require further assistance, our dedicated customer support team is available during {{Customer Support Hours}}. You can contact us at {{Customer Support Phone Number}} or use the Live Chat feature on our {{Website URL}}.

We appreciate your understanding and value your satisfaction. Should you have any more questions or concerns, feel free to reach out to us. We're here to help you."
BL,I need to cancel purchase {{Order Number}},ORDER,cancel_order,"I understood that you need assistance with canceling your purchase with the order number {{Order Number}}. We apologize for any inconvenience this may have caused. To initiate the cancellation process, please follow these steps:

1. Sign in to your account: Visit our {{Online Company Portal Info}} and login using your credentials.
2. Access your order history: Once logged in, navigate to the ""{{Online Order Interaction}}"" or ""{{Online Order Interaction}}"" section.
3. Locate the purchase: Look for the order with the specific order number {{Order Number}}.
4. Cancel the purchase: Click on the ""{{Online Order Interaction}}"" option associated with the purchase.
5. Confirm the cancellation: Follow any further prompts or questions from the system to finalize the cancellation.

If you encounter any difficulties or have further questions, our dedicated team is available to assist you. You can reach us during {{Customer Support Hours}} at {{Customer Support Phone Number}} or through the Live Chat feature on our website {{Website URL}}. We appreciate your understanding and value your satisfaction."
BCELN,"I cannot afford this order, cancel purchase {{Order Number}}",ORDER,cancel_order,"I'm sensitive to the fact that you're facing financial difficulties and need to cancel your purchase with the order number {{Order Number}}. We're here to assist you with that, and I appreciate your transparency in sharing your situation with us. Let's proceed with the cancellation process:

1. Access Your Account: Log in to our {{Online Company Portal Info}}.
2. Locate Your Order History: Once you're logged in, navigate to the '{{Online Order Interaction}}' or '{{Online Order Interaction}}' section.
3. Find the Relevant Purchase: Look for the purchase associated with the order number {{Order Number}} and click on it.
4. Initiate the Cancellation: Within the purchase details page, you should see an option labeled '{{Online Order Interaction}}'. Please select this option.
5. Confirm Cancellation: The system may prompt you for confirmation or ask a few questions for feedback. Please complete these steps.

If you encounter any difficulties or have further questions along the way, our team is ready to assist you. Reach out to us during {{Customer Support Hours}} at {{Customer Support Phone Number}} or via Live Chat on our {{Website URL}}. We value your satisfaction and understand that situations can change."
BI,can you help me cancel order {{Order Number}}?,ORDER,cancel_order,"Of course, I'm here to assist you in canceling your order with the number {{Order Number}}. Let's get this sorted out for you. 

Please follow these steps:

1. Sign in to your {{Online Company Portal Info}} using your credentials.
2. Go to your '{{Online Order Interaction}}' or '{{Online Order Interaction}}' section, where you can find a record of all your purchases.
3. Locate the order associated with the number {{Order Number}} and click on it to view the details.
4. Look for the option to '{{Online Order Interaction}}' and select it to initiate the cancellation process.
5. Follow any additional instructions or provide any necessary feedback as prompted by the system.

Should you encounter any difficulties or have further questions, our dedicated support team is available to assist you. You can reach us during {{Customer Support Hours}} at {{Customer Support Phone Number}}, or you can connect with us using the Live Chat feature on our website at {{Website URL}}. We are committed to providing you with a satisfactory resolution and ensuring your utmost satisfaction."
BCLN,"I can no longer afford order {{Order Number}}, cancel it",ORDER,cancel_order,"I pick up what you're putting down that you're in a situation where you can no longer afford to proceed with order {{Order Number}}. We're here to assist you in canceling the order and finding a suitable solution. Kindly follow the steps below:

1. Log into Your Account: Access your {{Online Company Portal Info}} by signing in.
2. Locate Your Order: Navigate to the '{{Online Order Interaction}}' or '{{Online Order Interaction}}' section.
3. Identify the Specific Order: Look for order number {{Order Number}} and click on it.
4. Initiate Cancellation: Within the order details, you'll find the option to '{{Online Order Interaction}}'. Please select it to begin the process.
5. Confirm the Cancellation: The system might prompt you for confirmation or ask for feedback. Please provide the necessary information to proceed.

Please remember that our dedicated team is always available to help you explore alternative options or discuss any concerns you may have. Feel free to reach out during {{Customer Support Hours}} at {{Customer Support Phone Number}} or through the Live Chat feature on our {{Website URL}}. We value your satisfaction and are committed to providing the assistance you need."
BL,I am trying to cancel purchase {{Order Number}},ORDER,cancel_order,"I've understood that you're seeking assistance in canceling purchase {{Order Number}}. Our goal is to make this process as seamless as possible for you. Here's what you need to do:

1. Sign into Your Account: Access our platform by logging into your {{Online Company Portal Info}}.
2. Navigate to Your Orders: Once logged in, navigate to the '{{Online Order Interaction}}' or '{{Online Order Interaction}}' section.
3. Locate Your Purchase: Look for the purchase with the order number {{Order Number}} and click on it to view the details.
4. Initiate the Cancellation: Within the purchase details, you should find an option labeled '{{Online Order Interaction}}'. Please select this option to start the cancellation process.
5. Follow Any Additional Steps: Depending on the specific circumstances, there may be additional steps or information required to complete the cancellation. Please provide any necessary details as prompted.

If you encounter any difficulties or have further questions along the way, our dedicated support team is available to assist you. You can reach us during {{Customer Support Hours}} at {{Customer Support Phone Number}} or through the Live Chat feature on our website at {{Website URL}}. Rest assured, we are committed to your satisfaction and will do everything we can to help you with the cancellation process."
BL,I have got to cancel purchase {{Order Number}},ORDER,cancel_order,"I'm sensitive to the fact that you're seeking assistance with canceling your purchase of item {{Order Number}}. Rest assured, I'm here to guide you through the process. Here's what you need to do:

1. Sign in to Your Account: Access our platform by signing in to your {{Online Company Portal Info}}.
2. Go to Your Orders: Once you're signed in, navigate to the '{{Online Order Interaction}}' or '{{Online Order Interaction}}' section.
3. Locate Your Purchase: Find the purchase associated with order number {{Order Number}} and click on it for more details.
4. Initiate Cancellation: Within the purchase details, you'll find a '{{Online Order Interaction}}' option. Please select it to begin the cancellation process.
5. Provide Feedback (if required): In some cases, the system may request feedback or additional information. Kindly complete these steps as prompted.

If you encounter any difficulties during this process or have any further questions, our dedicated support team is available to assist you. You can reach out to us during {{Customer Support Hours}} at {{Customer Support Phone Number}} or use the Live Chat feature on our {{Website URL}}. We are committed to ensuring your satisfaction and resolving any concerns you may have."
BL,give me information about a delivery address modification,SHIPPING,change_shipping_address,"I'm happy to help! If you need information on modifying your delivery address, we are here to assist you. Simply provide us with the new address details, and our team will ensure that your package is delivered to the updated location."
BLQ,need to update my address,SHIPPING,change_shipping_address,"I'll make it happen! I can assist you in modifying your shipping address. Please follow the steps below to update it:

1. Log in to your account on our website.
2. Navigate to the ""My Account"" or ""Settings"" section.
3. Find the option to edit your shipping address and click on it.
4. Enter the new address details accurately.
5. Save the changes.
6. Double-check the updated address to ensure its correctness.

If you encounter any difficulties or have further questions, feel free to reach out to our customer support team. We're here to help!"
BCL,"I entered a wrong address, update it",SHIPPING,change_shipping_address,"Apologies for the inconvenience caused. To update your shipping address, please provide us with the correct address details, including the street name, apartment number (if applicable), city, state, and zip code. Once we receive the updated information, we will ensure that your package is delivered to the correct address. Thank you for bringing this to our attention, and we appreciate your understanding."
BLQZ,i have an trouble editing the address,SHIPPING,change_shipping_address,We apologize for the inconvenience. Please provide us with your order details and we will assist you in editing the address.
BL,help modifying the shipping address,SHIPPING,change_shipping_address,"We're here to assist you with modifying your shipping address. To make changes, please visit our website and go to the ""Account"" or ""Profile"" section. You should be able to update your shipping address there. If you encounter any issues or need further assistance, don't hesitate to contact our customer support team. They'll be happy to help you with the process."
BIL,can you help me correct my delivery address?,SHIPPING,change_shipping_address,"Sure! I'm here to assist you with correcting your delivery address. Please provide me with the necessary details, such as your current address and the correct address you would like to change it to, and I'll guide you through the process."
BLMQ,i have troubles editing my delivery address,SHIPPING,change_shipping_address,"I'm sorry to hear that you're facing difficulties in editing your delivery address. Don't worry, I'm here to help you resolve this issue. Could you please provide me with the specific details of the problem you're encountering?"
BL,I want to modify my delivery address,SHIPPING,change_shipping_address,"Certainly! If you need to modify your delivery address, our customer support team can assist you with that. Please provide us with the updated address and we will make sure your package is delivered to the correct location."
BIL,where do I correct my address?,SHIPPING,change_shipping_address,"To update your shipping address, you can go to the ""Account Settings"" section on our website. From there, you will find an option to edit your shipping address. Let me know if you need any further assistance with this."
BL,I want to know about correcting the address,SHIPPING,change_shipping_address,"Unquestionably! If you need to correct your shipping address, we can assist you with that. Please provide us with the correct address details, and we will update it for you."
BCLWZ,"I can't ifnd the bloody termination charge, I need help",CANCEL,check_cancellation_fee,"No worries! I'll assist you in finding the termination charge. Please provide me with your account details, and I'll look it up for you."
BIL,what is the fee for canceling the contract?,CANCEL,check_cancellation_fee,"To inquire about the cancellation fee for your contract, you can find detailed information by logging into your account on our website. The fee may vary depending on the terms and conditions of your specific contract. If you require further assistance, our customer service team is available to support you."
BILP,could I check the withdrawal charge?,CANCEL,check_cancellation_fee,Positively! I can help you with the information regarding the withdrawal charge. Please give me a moment to check it for you.
BLQ,i need help to see the early termination penalty,CANCEL,check_cancellation_fee,"Absolutely! To view the early termination penalty, please log in to your account and navigate to the ""Termination Fees"" section. There, you will find all the relevant information regarding any fees or penalties for cancelling your service before the agreed-upon contract duration. If you have any further questions or require assistance, feel free to reach out to our customer support team."
BLQ,need assistance to see the withdrawal fee,CANCEL,check_cancellation_fee,"Indeed! I'm here to help you with checking the withdrawal fee. To do so, you can log in to your online account and navigate to the ""Fees and Charges"" section. If you're unable to find it or have any further questions, feel free to let me know."
BLM,check the withdrawal fees,CANCEL,check_cancellation_fee,"Positively! To check the withdrawal fees, you can review the terms and conditions of your account or contact our customer support team for more detailed information. They will be able to provide you with all the necessary details regarding the withdrawal fees."
BILMQ,can ushow me the withdrawal penalties,CANCEL,check_cancellation_fee,I'll take care of it! I can provide you with the information regarding the withdrawal penalties. Please give me a moment to retrieve the details for you.
BIL,where can I see the early termination penalty?,CANCEL,check_cancellation_fee,"Assuredly! If you want to find information about the early termination penalty, the best place to look is your contract agreement. It should clearly outline the details and fees associated with terminating your contract before the agreed-upon time. Make sure to review it carefully to understand the terms and conditions regarding early termination."
BCLM,"I want to see the withdrawal penalties, I need assistance",CANCEL,check_cancellation_fee,"Of course, I can help you with checking the withdrawal penalties. Could you please provide me with your account details, and I will look into it for you?"
BLQZ,wanna see the withdrawalcharge,CANCEL,check_cancellation_fee,Sure! Let me provide you with the details of the withdrawal charge.
BIL,can you help me seeing the invoice from {{Person Name}}?,INVOICE,check_invoice,"Of course! I understand that you need assistance in viewing the invoice from {{Salutation}} {{Client Last Name}}. It's great that you reached out to us for help. To proceed further and provide you with the accurate invoice details, could you please provide me with the {{Date Range}} or any other relevant information that you might have? I'm here to guide you every step of the way and ensure that you have a seamless experience."
BIL,how can I locate the invoice #37777?,INVOICE,check_invoice,"I certainly recognize your confusion about locating the invoice with the number #{{Invoice Number}}. Let's work together to find a solution. To locate the invoice, you can try accessing your online account on our website and navigating to the ""Invoices"" section. If you're unable to find it there, I recommend contacting our customer support team at {{Customer Support Phone Number}} or through our Live Chat on our website. They will be able to assist you further in locating the invoice and providing you with the necessary information. Rest assured, we're here to guide you every step of the way."
BLMW,I need to look for the fucking invoices from {{Person Name}},INVOICE,check_invoice,"I see your urgency to locate the invoices from {{Salutation}} {{Client Last Name}}. I apologize for any inconvenience you may have experienced. To assist you better, could you please provide me with any additional information such as the date range or any other specific details related to the invoices? Rest assured, I'm here to support you throughout this process, and together, we'll find a solution."
BLQZ,i need assistance giving a quick look at the bvill #37777,INVOICE,check_invoice,"Assuredly! I understand that you require assistance in quickly reviewing the bill with the number #{{Invoice Number}}. Rest assured, I'm here to guide you through the process. To view the bill, please log in to your account on our website and navigate to the ""Invoices"" section. There, you should be able to locate the bill with the designated number {{Invoice Number}}. If you encounter any difficulties or have further questions, feel free to let me know. I'm available to help you every step of the way."
BIL,can you help me check bill #12588?,INVOICE,check_invoice,"I'll get right on it! I understand your desire to check the details of bill #{{Invoice Number}}. Let me assist you in locating the relevant information. Could you please provide me with any additional details or specific inquiries you have regarding this bill? With your cooperation, we can swiftly resolve any concerns and provide you with the information you need."
BL,locate the bill #12588,INVOICE,check_invoice,"I've understood you need help locating the bill with the number #{{Invoice Number}}. Let me assist you with that. Could you please provide me with some additional information, such as the date range or any other relevant details that may help me locate the specific bill for you? Rest assured, I'm here to guide you through the process and ensure you find the information you need."
BLQ,want assistance giving a quick look at the bill #85632,INVOICE,check_invoice,"I'm happy to help! I'm here to provide you with the necessary assistance in giving a quick look at your bill with the number {{Invoice Number}}. Is there any specific information or details you would like me to focus on while reviewing your bill? Feel free to share any specific concerns or questions you may have, and I'll be happy to address them for you."
BL,I need help locating my bill #85632,INVOICE,check_invoice,"I've understood that you require assistance in locating your bill with the number #{{Invoice Number}}. I'm here to help! Could you please provide me with some additional information, such as the date range or any specific details related to the bill? This will enable me to assist you more effectively and expedite the search process. Rest assured, I'm committed to helping you find the information you need."
BLMQ,want assistance to find the bills from {{Person Name}},INVOICE,check_invoice,"I'm following your need for assistance in finding the bills from {{Salutation}} {{Client Last Name}}. I'm here to help you with that. To better assist you, could you please provide me with some additional details, such as the date range or any specific invoice numbers? This information will enable me to locate the bills more efficiently and provide you with the necessary assistance. Feel free to ask any questions or share any concerns you may have regarding this process. Together, we'll ensure a swift and satisfactory resolution."
BLZ,I try to list your available payment methoids,PAYMENT,check_payment_methods,"Of course! I appreciate your attempt to access the list of our available payment methods. Allow me to provide you with all the information you need to fulfill your query. Here's a comprehensive list of our accepted payment methods:

- **Credit/Debit Card**: We accept major cards such as Visa, Mastercard, and American Express.
- **PayPal**: A widely used and secure online payment platform.
- **Bank Transfer**: You can directly transfer funds from your bank account to complete the payment.
- **Apple Pay**: For convenient payments through Apple devices.
- **Google Wallet**: A quick and easy payment method for Google users.

I hope this information is helpful to you. If you have any further questions or if there's anything else I can assist you with, please let me know."
BLZ,I nneed help to list the accepted payment methods,PAYMENT,check_payment_methods,"We really appreciate your inquiry and are more than happy to assist you with listing our accepted payment methods. Here's a comprehensive breakdown of our available options:

- **Credit/Debit Card:** We accept all major credit and debit cards, including Visa, Mastercard, and American Express.
- **PayPal:** A trusted and widely used online payment platform.
- **Bank Transfer:** A convenient method that allows direct transfer of funds from your bank account to ours.
- **Apple Pay:** An effortless way for Apple users to make secure payments.
- **Google Pay:** Google's payment system for quick and seamless checkouts.

Please note that we continually strive to add more payment options to cater to our valued customers. We hope this information helps you decide which payment method suits you best. Should you require any further clarification or have any other questions, please feel free to let us know. We're here to make your experience as smooth and enjoyable as possible."
BILP,could you help me check what payment options are available?,PAYMENT,check_payment_methods,"We've received your message and requesting assistance in checking our available payment options. At our company, we pride ourselves on providing a wide range of convenient and secure payment methods to cater to our customers' needs. Here are the payment options we currently offer:

- **Credit/Debit Card:** We accept all major credit and debit cards, including Visa, Mastercard, and American Express.
- **PayPal:** A globally recognized and trusted online payment platform.
- **Bank Transfer:** This option allows you to transfer funds directly from your bank account.
- **Mobile Wallets:** We support popular mobile wallets like Apple Pay and Google Pay for quick and seamless transactions.
- **Cryptocurrencies:** We are also excited to offer payment options using select cryptocurrencies such as Bitcoin, Ethereum, and Litecoin.

These options provide flexibility and convenience when making a purchase with us. If you have any further questions or need assistance with any specific payment method, please don't hesitate to let us know. We're here to help you throughout your payment journey."
BLQ,see ur payment methods,PAYMENT,check_payment_methods,"I'll take care of it! I'm here to assist you in accessing our payment methods. To view the available payment methods, you can visit our website and navigate to the ""Payment Options"" or ""Checkout"" page. There, you will find a comprehensive list of the payment methods we accept, including major credit/debit cards, PayPal, bank transfers, and digital payment platforms like Apple Pay and Google Wallet. If you have any specific questions or need further assistance, feel free to let me know. I'm here to help you every step of the way!"
BCL,"I have got to list the allowed payment modalities, help me",PAYMENT,check_payment_methods,"Thank you for reaching out to us for assistance in listing our accepted payment methods. We understand the importance of being able to provide our customers with various options to suit their needs. Here is a comprehensive list of our available payment modalities:

- Credit/Debit Card: We accept major cards such as Visa, Mastercard, and American Express.
- PayPal: A secure and widely used online payment method.
- Bank Transfer: Direct payments can be made from your bank account.
- Apple Pay: Quick and convenient payments for Apple users.
- Google Wallet: Google's payment system for fast and easy checkouts.

We hope this list helps you in understanding our accepted payment modalities. Should you have any further questions or require any additional information, please feel free to let us know. We are here to assist you every step of the way."
BL,help me seeing your available payment options,PAYMENT,check_payment_methods,"I'll get right on it! I'm here to provide you with all the information you need about our available payment options. We pride ourselves on offering a wide range of convenient and secure payment methods to suit your preferences. Here are the payment methods we accept:

- **Credit/Debit Card:** We accept major cards like Visa, Mastercard, and American Express.
- **PayPal:** A popular online payment method that's secure and widely used.
- **Bank Transfer:** This allows you to make direct payments from your bank account.
- **Apple Pay:** An easy way for Apple users to make payments.
- **Google Wallet:** Google's payment system for fast, easy checkouts.

Please let me know if you have any questions about these payment methods or if you need any further assistance. I'm here to help you every step of the way!"""
BE,I do not know how to check your allowed payment methods,PAYMENT,check_payment_methods,"No worries! I'm here to help you with that. Checking our allowed payment methods is easy. You can typically find this information on our website's payment page or during the checkout process. If you're having trouble finding it, I recommend reaching out to our customer support team who will be more than happy to guide you through the process. They are available {{Customer Support Hours}} at {{Customer Support Phone Number}} or through the Live Chat on our website at {{Website URL}}. Providing you with assistance and ensuring you have a seamless experience is our top priority!"
BLQZ,need assikstance checking your allowed payment modalities,PAYMENT,check_payment_methods,"Thank you for your message to us for assistance in checking our accepted payment methods. We understand the importance of making informed decisions when it comes to selecting a suitable payment option. Our goal is to ensure that you have a smooth and convenient payment experience. Here is an overview of our accepted payment methods:

- Credit/Debit Card: We accept major cards such as Visa, Mastercard, and American Express. These are widely recognized and offer a secure and seamless payment process.
- PayPal: A popular and trusted online payment platform that provides secure transactions and is widely accepted.
- Bank Transfer: If you prefer to make direct payments from your bank account, we offer bank transfer options. This allows you to transfer funds easily and securely.
- Apple Pay: For Apple users, we support Apple Pay, which enables you to make payments with just a touch of your iPhone or Apple Watch.
- Google Wallet: If you are an Android user, we have integration with Google Wallet, allowing you to make quick and easy payments.

If you have any specific questions about these payment methods or if you require further assistance, please feel free to let us know. We are here to help you every step of the way."
BLZ,I have to see what payment methods you acecpt,PAYMENT,check_payment_methods,"I'll get right on it! I'm here to assist you in exploring the payment methods we accept. To provide convenience for our valued customers, we offer a wide variety of payment options. Here is a summary of our accepted payment methods:

- Credit/Debit Card: We accept major cards like Visa, Mastercard, and American Express.
- PayPal: A popular and secure online payment method.
- Bank Transfer: You can make direct payments from your bank account.
- Apple Pay: An easy and secure way for Apple users to make payments.
- Google Pay: Google's convenient payment system for fast and easy checkouts.

These methods offer flexibility and security, catering to different customer preferences. If you require further information or assistance with any of these methods, please don't hesitate to let me know. Your satisfaction is our top priority, and we're here to support you every step of the way."
BIL,how to see the allowed payment modalities?,PAYMENT,check_payment_methods,"Thanks for dropping us a line with your question about how to view our allowed payment methods. To access this information, you can visit our website and follow these simple steps:

1. Go to the homepage of our website.
2. Look for the ""Payment Options"" or ""Accepted Payment Methods"" section. It could be located in the footer, header, or under the ""Help"" or ""Support"" tab.
3. Click on the link or button that says ""View Payment Methods"" or something similar.
4. A new page will open displaying all the payment options we accept, along with any specific instructions or requirements for each method.

If you encounter any difficulties or need further guidance, please don't hesitate to let me know. I'm here to help!"
BLQ,need assistance to check ur available payment options,PAYMENT,check_payment_methods,"I'm grateful that you've reached out to seek guidance on how to access our available payment methods. I'll be happy to assist you in this matter. To find our accepted payment options, follow these simple steps:

1. Visit our website at {{Website URL}}.
2. Navigate to the ""Payment Methods"" section, which can usually be found under the ""Payments"" or ""Checkout"" tab.
3. Here, you will find a comprehensive list of the payment methods we accept, along with detailed instructions on how to use each method.

If you encounter any difficulties or have any additional questions, do not hesitate to reach out. Remember, your satisfaction is our utmost priority, and we are here to support you every step of the way!"
BL,help to see in what cases can I ask for a reimbursement,REFUND,check_refund_policy,"Of course! I truly understand your desire for clarification on the circumstances under which you can request a reimbursement. Let's explore the scenarios:

1. **Product/Service Defect:** If you receive a defective product or a service that doesn't meet your expectations, you would typically be eligible for a reimbursement.
2. **Cancellation within Grace Period:** Should you change your mind and decide to cancel your purchase within the specified grace period, you should be able to request a reimbursement.
3. **Unauthorized Charges:** If you notice any unauthorized charges on your account, please let us know immediately. We'll investigate the charges and assist you in obtaining a reimbursement if necessary.
4. **Event Cancellation:** If you purchased tickets for an event that gets canceled, and there's no rescheduled date, you may be entitled to a reimbursement.
5. **Duplicate Charges:** If you discover duplicate charges for the same item, it's important to reach out to us promptly. We'll take the necessary steps to resolve the issue and provide a reimbursement if applicable.
6. **Non-receipt of Goods/Services:** In the event that you haven't received the goods or services you paid for within the expected timeframe, please inform us. We'll investigate the matter and assist you in obtaining a reimbursement if appropriate.

Remember, refund policies can vary depending on the vendor or service provider, so it's always a good idea to review their terms and conditions or contact them directly for more specific information. If you have any concerns about a particular order or require further assistance, please provide me with the necessary details, such as the order number, and I'll be happy to assist you further.

Feel free to share any experiences or questions you have related to reimbursements. Your satisfaction is our top priority, and we're here to provide you with the support you need."
BLQ,help me to see in what situations can i request a refund,REFUND,check_refund_policy,"I'll do my best! I completely understand your desire to learn about the situations in which you can request a refund. Here's a summary of the most common scenarios:

1. **Product/Service Defect:** If you receive a defective product or a service that doesn't meet your expectations, you are typically eligible for a refund.
2. **Cancellation within Grace Period:** Many companies have a grace period during which you can cancel an order or a service and receive a refund without any penalties.
3. **Unauthorized Charges:** If you notice any charges on your account that you didn't authorize or recognize, it's important to report them promptly and request a refund.
4. **Event Cancellation:** If you purchased tickets for an event that gets canceled and isn't rescheduled, you should be entitled to a refund.
5. **Duplicate Charges:** If you are mistakenly charged multiple times for the same item or service, it's important to reach out to the company and request a refund for the excess charges.
6. **Non-receipt of Goods:** If you have not received the product you ordered within the expected delivery timeframe, you may be eligible for a refund.

Please keep in mind that refund policies may vary between different companies or service providers. It's always recommended to review their specific refund policies or reach out to their customer support for more detailed information. If you have any specific order or request that needs further assistance, please provide me with the relevant details, such as the order number or any specific concerns, and I'll be more than happy to help.

Is there anything else I can assist you with?"
BIL,in what cases can I ask to be reimbursed?,REFUND,check_refund_policy,"I appreciate your interest in understanding the cases where you can request reimbursement. Here are some common situations where you may be eligible for a reimbursement:

1. **Product/Service Not as Described:** If the product or service you received doesn't match the description provided, you can typically request a reimbursement.

2. **Shipping Errors:** If there are shipping errors that result in damaged or lost items, you may be eligible for reimbursement.

3. **Cancellation within the Stipulated Period:** If you decide to cancel a purchase within the designated cancellation period, you likely have the right to request a reimbursement.

4. **Unauthorized Charges:** If you notice any unauthorized charges on your account, it's crucial to report them promptly to qualify for reimbursement.

5. **Supplier/Service Provider Failure:** In cases where the supplier or service provider fails to deliver the agreed-upon goods or services, you should be entitled to seek reimbursement.

6. **Insurance Coverage:** If you have insurance coverage for specific events or circumstances, you may be able to claim a reimbursement for covered expenses.

7. **Billing Errors:** If you spot any billing errors, such as double charges or incorrect amounts, you should contact the appropriate party for reimbursement.

It's important to note that reimbursement policies may vary depending on the specific agreement or terms and conditions. I recommend reviewing the terms and contacting the relevant vendor, service provider, or company to inquire about their specific refund policy. If you have any specific concerns or questions regarding a particular purchase or situation, please provide me with the necessary details, such as the {{Order Number}} or additional information, and I'll be glad to assist you further.

Remember, we prioritize your satisfaction, and our team is here to support you at every step of the process."
BLQZ,want help checking in wht situations can i request refunds,REFUND,check_refund_policy,"Indeed! I completely understand your need to have clarity on when you can request a refund. Here are some common situations in which you may be eligible for a refund:

1. **Product/Service Defect:** If you discover that the product or service you purchased has a defect or doesn't match the description provided, you can typically request a refund.
2. **Cancellation within Grace Period:** If you change your mind about a purchase and decide to cancel within the specified grace period, you should be able to receive a refund.
3. **Unauthorized Charges:** If you notice charges on your account that you didn't authorize or recognize, we'll investigate the issue and assist in resolving it.
4. **Event Cancellation:** When you purchase tickets for an event that gets canceled and there is no rescheduled date, you are usually entitled to a refund.
5. **Duplicate Charges:** If you have been charged multiple times for the same item in error, please let us know, and we will rectify the situation promptly.
6. **Non-receipt of Goods:** If your ordered product hasn't arrived within the expected time frame, you may qualify for a refund.

Please note that these are general situations, and different vendors or service providers might have specific nuances in their refund policies. It's always a good idea to consult directly with the vendor or review their terms and conditions for a comprehensive understanding. If you have a specific order or concern, please provide me with the necessary details, such as the order number or relevant information, so that I can assist you further. Your satisfaction is our top priority.

Is there anything else I can help you with today?"
BLZ,I want to see in what cases can Iask to be refunded,REFUND,check_refund_policy,"Thank you for reaching out. I completely understand your need to have a clear understanding of the situations in which you can request a refund. Here are some common scenarios where you may be eligible for a refund:

1. **Product/Service Defect:** If you receive a defective product or the service you received does not meet your expectations, you can generally request a refund.

2. **Cancellation within Grace Period:** If you change your mind and decide to cancel your purchase within the specified grace period, you are likely eligible for a refund.

3. **Unauthorized Charges:** If you notice any charges on your account that you did not authorize, please reach out to us immediately. We will investigate the issue and assist you with the refund process if necessary.

4. **Event Cancellation:** If you purchased tickets for an event that gets canceled and there is no rescheduled date, you would typically be eligible for a refund.

5. **Duplicate Charges:** If you see multiple charges for the same item on your billing statement, please let us know. We will work to correct the error and issue a refund if applicable.

6. **Non-receipt of Goods:** If you haven't received the product you ordered within the expected timeframe, please inform us. We will look into the matter and help you with a refund if appropriate.

Please keep in mind that refund policies may vary depending on the vendor or service provider. It's always a good idea to review the terms and conditions or contact the specific vendor for complete details. If you have any specific questions or concerns regarding a particular order, please provide the necessary details, such as the order number, and I will be glad to assist you further.

Is there anything else I can help you with?"
BQZ,assistance to check ur refund pollicy,REFUND,check_refund_policy,"I completely understand the significance of getting a clear understanding of our refund policy. Rest assured, I'll provide you with all the necessary details. 

Our refund policy revolves around several key factors. To check it, I recommend visiting our website and navigating to the ""Refund Policy"" section. This page will outline in detail the situations in which you may be eligible for a refund, including cases such as product defects, cancellations within the grace period, unauthorized charges, event cancellations, duplicate charges, and non-receipt of goods.

Keeping our customers informed and satisfied is our main priority, so please don't hesitate to reach out if you have any specific concerns or further questions. We're here to support you every step of the way."
BL,help checking in which situations can I ask to be reimbursed,REFUND,check_refund_policy,"I get it your desire to understand the situations in which you can request a refund. Let me provide you with a breakdown of situations where you may be eligible for reimbursement:

1. **Product/Service Defect**: If the product or service you received has a defect or does not meet the description provided, you are typically entitled to a refund.
2. **Cancellation within Grace Period**: Should you change your mind and decide to cancel your purchase within the specified grace period, you can usually receive a refund.
3. **Unauthorized Charges**: If you notice any charges on your account that you did not authorize, we will investigate and assist you in resolving the issue.
4. **Event Cancellation**: If an event that you purchased tickets for is canceled and not rescheduled, you would typically be eligible for a refund.
5. **Duplicate Charges**: If you are mistakenly charged multiple times for the same item, please reach out to us so that we can promptly rectify the situation.
6. **Non-delivery of Goods**: If you do not receive your ordered product within the expected time frame, you may qualify for a refund.

It's important to note that refund policies may vary among different vendors and service providers. To obtain a comprehensive understanding, I recommend consulting with them directly or reviewing their terms and conditions. If you have a specific order or concern, please provide me with the order number or any relevant details, and I will assist you further.

Is there anything else I can help you with today?"
BILZ,inwhat situations can I ask to be reimbursed?,REFUND,check_refund_policy,"Thank you for your query! I'm here to shed light on the situations where you may request a reimbursement. Let me guide you through it:

1. **Product/Service Defect:** If the product or service you received is defective, damaged, or doesn't meet your expectations, you can request a reimbursement.
2. **Cancellation within Grace Period:** If you change your mind about a purchase and cancel it within the grace period specified in our terms and conditions, you are typically eligible for a reimbursement.
3. **Late Delivery:** If your order hasn't arrived within the stipulated delivery time frame, you may be eligible for a reimbursement.
4. **Unauthorized Charges:** If you detect unauthorized charges on your account or credit card statement, we will investigate the matter and assist you with a reimbursement if necessary.
5. **Overcharged or Double Billed:** If you notice duplicate charges on your statement or you have been billed an incorrect amount, we will rectify the issue and provide a reimbursement if applicable.

Please note that refund policies may vary depending on the nature of the product or service and the terms and conditions of the vendor. It is always recommended to review the specific refund policy associated with your purchase or contact our customer support team for further assistance. Your satisfaction is our priority!

If you have any other questions or concerns, please feel free to let me know. I'm here to help!"
BL,I need help to see in which cases can I request refunds,REFUND,check_refund_policy,"Indeed! I completely understand your desire to have a clear understanding of the cases in which you can request a refund and get your money back. Let's explore the different scenarios:

1. **Product/Service Defect:** If you receive a product or service that is defective or doesn't match the description, you should be eligible for a refund.

2. **Cancellation within Grace Period:** If you change your mind about a purchase and decide to cancel it within the designated grace period, you should be able to request a refund.

3. **Unauthorized Charges:** If you notice any charges on your account that you didn't authorize or recognize, please let us know, and we will investigate the issue and assist you with a refund if necessary.

4. **Event Cancellation:** If you purchase tickets for an event and it gets canceled without a rescheduled date, you would usually be eligible for a refund.

5. **Duplicate Charges:** If you notice that you have been charged multiple times for the same item or service, please reach out to us, and we will rectify the situation and issue a refund if applicable.

6. **Non-receipt of Goods:** If you haven't received the ordered product within the expected timeframe, you may qualify for a refund.

Please keep in mind that each vendor or service provider may have specific refund policies and procedures. To get accurate and detailed information, it's best to consult directly with the vendor or review their terms and conditions.

If you have any specific questions or concerns about a particular purchase or order, please provide me with the relevant details, such as the order number or any other pertinent information, and I'll be glad to assist you further.

Remember, our main goal is to ensure your satisfaction and address any refund-related issues you may have. Feel free to share any additional experiences or questions you may have.

Is there anything else I can help you with today?"""
BL,I need to see in which cases can I ask for a reimbursement,REFUND,check_refund_policy,"Certainly! I understand your need to gain clarity on the cases where you can request reimbursements. Allow me to provide you with a comprehensive breakdown:

1. **Product/Service Defect:** If you receive a product or service that has a defect or does not meet the description provided, you are generally eligible for a reimbursement.

2. **Cancellation within Grace Period:** Should you change your mind about a purchase and decide to cancel within the specified grace period, you can usually request a reimbursement.

3. **Unauthorized Charges:** In the unfortunate event of unauthorized charges appearing on your account, you have the right to request a reimbursement. We will investigate the charges and assist you in resolving the issue.

4. **Event Cancellation:** If you have purchased tickets to an event that gets canceled without a rescheduled date, you are typically entitled to a reimbursement.

5. **Duplicate Charges:** If you notice that you have been charged multiple times for the same item, please let us know, and we will promptly rectify the situation by issuing a reimbursement.

6. **Non-receipt of Goods:** If you have not received the product within the expected delivery timeframe, you may be eligible for a reimbursement.

Please keep in mind that specific vendors or service providers may have their refund policies and procedures. It is advisable to consult their terms and conditions or contact them directly for more information.

If you have any specific concerns or need assistance with a particular order, please provide me with the order number or any relevant details. I'm here to assist you and ensure your satisfaction."
BL,I want help to file a complaint against your organization,FEEDBACK,complaint,"I genuinely regret to hear that you need assistance to file a complaint against our organization. We take feedback very seriously and value your experience. I assure you that I will do my best to address your concerns and guide you through the process. Kindly share the details of your complaint and any relevant information, and I will make sure it reaches the appropriate channels for a thorough review and resolution. We appreciate your patience and trust in us to resolve this matter promptly."
BL,lodging consumer claim against your company,FEEDBACK,complaint,"I'm truly sorry to hear that you are planning to lodge a consumer claim against our company. We take customer satisfaction very seriously, and I understand the importance of addressing your concerns promptly and effectively. To ensure that your claim is handled properly, I will personally assist you in initiating the process. Could you please provide me with some more details about your claim, such as the nature of the issue and any supporting evidence you may have? This will help us thoroughly investigate the matter and take appropriate actions to resolve it as quickly as possible."
BILQ,how can i make a customer complaint against ur organization,FEEDBACK,complaint,"I'm really sorry to hear that you're in a situation where you need to make a customer complaint against our organization. Your satisfaction is our top priority, and we take feedback like yours very seriously. To initiate a complaint, I recommend reaching out to our customer support team either through our website, email, or phone. They will guide you through the process and ensure that your concerns are addressed appropriately. Please let me know if there's anything else I can assist you with during this process."
BCLQW,my experience with uhas been bad i wanna make a bloody claim,FEEDBACK,complaint,"I'm truly sorry to hear that you've had a negative experience with us, and I understand your frustration. It's important to us that we address your concerns and provide a resolution. Can you please share more details about your experience and the specific issues you encountered? This information will be helpful in initiating the process of making a claim and ensuring that your feedback is properly addressed. We appreciate your patience and cooperation in resolving this matter."
BIL,what do I have to do to file a claim?,FEEDBACK,complaint,"I'm sorry to hear that you're looking to file a claim. Our goal is to resolve your concerns and ensure a seamless process for you. To file a claim, please gather any relevant documentation or evidence that supports your case. It's important to provide specific details of the incident, such as dates, times, locations, and any individuals involved. This will help us thoroughly investigate and address your claim. Additionally, please reach out to our customer support team or visit our website to find the appropriate channels for submitting your claim. They will guide you through the process and provide any necessary assistance. Remember, your feedback is vital to our continuous improvement, and we sincerely appreciate your patience and cooperation throughout this process."
BIL,how can I make a complaint against your company?,FEEDBACK,complaint,"I truly value your feedback and want to ensure that your complaint is addressed promptly and effectively. To make a complaint against our company, I recommend reaching out to our dedicated customer service team. They are available {{Customer Support Hours}} at {{Customer Support Phone Number}} or through the Live Chat on our website at {{Website URL}}. By sharing the details of your complaint with them, they will be able to gather the necessary information and assist you in the most appropriate way possible. Your concerns are important to us, and we will make every effort to resolve them to your satisfaction."
BILPQZ,could i file a revlamation against ur organization,FEEDBACK,complaint,"I'm sorry to hear that you would like to file a reclamation against our organization. We take complaints seriously and strive to address any concerns promptly and effectively. To initiate the reclamation process, I recommend reaching out to our customer support team directly. They will guide you through the necessary steps and collect all the relevant information to ensure your complaint is properly documented and handled. Please let me know if there is anything else I can assist you with."
BL,I don't know what I have to do to file a customer claim,FEEDBACK,complaint,"I recognize that you're unsure about the process of filing a customer claim, and I'm here to guide you. Filing a claim generally involves reaching out to our customer support team or accessing the appropriate channel on our website. However, to provide you with the most accurate and relevant information, could you please provide me with some more details about your specific situation? For example, what product or service are you referring to, and what issue or concern prompted you to consider filing a claim? With this additional information, I'll be able to provide you with the necessary steps to file your customer claim effectively."
BL,I call to lodge a consumer reclamation against your business,FEEDBACK,complaint,"I truly appreciate you reaching out to us to lodge a consumer reclamation against our business. I am deeply sorry for any inconvenience you may have faced, and I completely understand your need to express your concerns. Rest assured that your feedback is extremely important to us, as it allows us to identify areas for improvement and take necessary actions to prevent such incidents in the future. I kindly request you to provide me with more details regarding your specific complaint so that I can assist you further in resolving the issue. Your satisfaction is our top priority, and we are committed to ensuring a positive resolution."
BL,I have to make a claim,FEEDBACK,complaint,"I'm truly sorry to hear that you need to make a claim. Our company takes customer concerns very seriously, and I want to assure you that I'm here to assist you throughout the process. To help me better understand your situation, could you please provide me with the details of your claim? This will help me assess the situation and guide you towards a resolution. Your feedback is incredibly valuable, and we will do everything we can to address your claim promptly and effectively."
BL,I want help to speak to customer support,CONTACT,contact_customer_service,"Happy to hear from you! I truly understand that you would like assistance in speaking to our customer support team. Our team is readily available to help address your concerns and provide the necessary support. To connect with a representative, you can reach out to them during our customer support hours at {{Customer Support Hours}}. They can assist you with any questions or issues you may have. Please feel free to share any experiences, doubts, or queries you might have, and I'll do my best to assist you further."
BIL,do you have a free number to talk to customer assistance?,CONTACT,contact_customer_service,Thank you for reaching out! I understand your need for a free number to talk to our customer assistance team. We provide toll-free customer service numbers for your convenience. You can reach our customer assistance team at {{Customer Support Phone Number}}. Feel free to call us anytime during our customer support hours. Is there anything else I can assist you with?
BLZ,I try to see what hours customer service aailable is,CONTACT,contact_customer_service,"We're here for you! I'm aware that you would like to know the hours when our customer service is available. Our dedicated team is ready to assist you during {{Customer Support Hours}}. Whether you have questions, concerns, or need guidance, we are here for you. Feel free to reach out to us and we'll be more than happy to help. What else can I assist you with today?"
BILZ,do you have a mail to get in touch with cusomer assistance?,CONTACT,contact_customer_service,"Happy to hear from you! I truly understand that you are looking for an email to contact our customer assistance team. We are always here to assist you. For any inquiries or concerns, please feel free to email us at {{Customer Support Email}} and our dedicated team will promptly get back to you. Is there anything else I can assist you with?"
BIL,where can I see what hours I can reach customer support?,CONTACT,contact_customer_service,"Happy to hear from you! I truly understand that you want to know where you can find the operating hours to reach our customer support. You can find this information on our website homepage under the ""Contact Us"" section. Additionally, you can also find it on our FAQ page. If you need further assistance or have any other questions, feel free to let me know. I'm here to help!"
BL,I want to check at what time I can call customer assistance,CONTACT,contact_customer_service,We're all ears! I'm tuned into the idea that you would like to know the operating hours during which you can contact our customer assistance. Our dedicated team is available to assist you during {{Customer Support Hours}}. They can be reached at {{Customer Support Phone Number}} or through the Live Chat on our website at {{Website URL}}. Please let me know if there's anything else I can help you with.
BILP,could you show me what hours I can contact customer support?,CONTACT,contact_customer_service,"Honored to assist! I'm clued in that you would like to know the hours during which you can contact our customer support. Our dedicated team is available to assist you during the following hours: {{Customer Support Hours}}. If you have any further questions or concerns, please feel free to let me know. I'm here to help!"
BILZ,can I talk to customer uspport?,CONTACT,contact_customer_service,"Honored to assist! I'm clued in that you would like to speak with our customer support team. You can definitely talk to our customer support by calling {{Customer Support Phone Number}} during our operating hours, which are from {{Customer Support Hours}}. Our dedicated team is here to assist you with any questions or concerns you may have. Is there anything else I can assist you with?"
BL,I need to see what hours I can contact customer support,CONTACT,contact_customer_service,"Thanks for getting in touch! I grasp that you would like to know the hours during which you can contact our customer support team. Our dedicated team is available to assist you during {{Customer Support Hours}}. They are committed to providing exceptional service and are here to help address your concerns and inquiries. If you have any further questions or need any assistance, please feel free to let me know."
BIL,can you help me talking with customer assistance?,CONTACT,contact_customer_service,Thank you for reaching out! I completely understand your need to talk to our customer assistance team. I'm here to assist you in connecting with them. Could you please provide me with some more details about the issue or question you have? This will help me direct you to the right department or provide you with the appropriate contact information.
BKL,removing freemium account,ACCOUNT,delete_account,"I can tell that you're looking to remove your freemium account, and I'm here to guide you through the process. To delete your freemium account, you can follow these steps:

1. Log in to your account on our website.
2. Navigate to the account settings or profile section.
3. Look for the option to manage or delete your account.
4. Follow the prompts to confirm and complete the account removal process.

Please keep in mind that deleting your freemium account will result in the permanent loss of any data or content associated with it. If you have any questions or need further assistance, feel free to let me know."
BL,help me deleting my {{Account Type}} account,ACCOUNT,delete_account,"We're here to help for assistance with deleting your {{Account Type}} account. I understand that you would like to close your account, and I'm here to help you with that process. To proceed with the deletion, please provide me with the email address associated with your account, and I will guide you step-by-step on how to complete the process. Your privacy and data protection are of utmost importance to us, so I assure you that all necessary precautions will be taken to ensure a secure account closure. Let's work together to resolve this for you swiftly and seamlessly."
BILZ,what do I need to do to cancell a {{Account Category}} account?,ACCOUNT,delete_account,"I'm glad you contacted us to us about canceling your {{Account Category}} account. We understand that you may have decided that this account is no longer meeting your needs. To proceed with the cancellation, please follow these steps:

1. Log in to your account on our website/app.
2. Go to your account settings or profile page.
3. Look for the option to manage or cancel subscriptions.
4. Click on the option to cancel your {{Account Category}} account.
5. Follow any additional prompts or instructions to complete the cancellation process.

If you encounter any difficulties during this process or have any further questions, please do not hesitate to let us know. We are here to assist you every step of the way and ensure your cancellation is processed smoothly. Thank you for giving us the opportunity to assist you with this matter."
BKL,delete {{Account Category}} account,ACCOUNT,delete_account,"Glad you contacted to us regarding the deletion of your {{Account Category}} account. I understand that you have made the decision to cancel your account, and I appreciate your trust in us. To proceed with the account deletion process, we will need some specific information from you. Can you please provide us with your account details, such as your username or email address associated with the {{Account Category}} account? Rest assured that we will handle your request with utmost care and ensure that your account is deleted securely and in accordance with our privacy policy."
BILQZ,what do i have to d to remove the {{Account Type}} account,ACCOUNT,delete_account,"Thank you for trusting regarding the removal of your {{Account Type}} account. I understand that you would like to close your account, and I'm here to assist you with the process. To proceed with account closure, please follow the steps below:

1. Log in to your account on our website.
2. Navigate to the account settings or profile section.
3. Look for the option to deactivate or close your account.
4. Follow the prompts or instructions provided to confirm the account closure.
5. If applicable, ensure that any outstanding balances or dues are settled before closing the account.
6. Once you've completed these steps, your account will be permanently closed.

Should you encounter any difficulties during the process or if you have any further questions, please don't hesitate to reach out. We're here to help make this transition as smooth as possible for you."
BKL,canceling pro account,ACCOUNT,delete_account,"We appreciate your inquiry about canceling your {{Account Type}} account. I understand that you no longer wish to use the account and require assistance with the cancellation process. Our team is here to help you with this request. To proceed with canceling your {{Account Type}} account, please provide us with some additional information such as your account details or any specific requirements you may have. Rest assured, we will make sure to guide you through the process and address any concerns you may have along the way. Your satisfaction is our priority, and we want to ensure that this process is as smooth and hassle-free as possible for you."
BKL,closing standard account,ACCOUNT,delete_account,"I appreciate your decision to close your {{Account Type}} account. I'm here to assist you throughout this process. To close your {{Account Type}} account, please follow these steps:

1. Log in to your account on our website.
2. Go to the account settings or preferences section.
3. Look for the option to close your account.
4. Click on the option and follow the prompts to confirm the closure.
5. If there are any pending activities or outstanding balances, make sure to settle them before closing the account.
6. Once the closure is confirmed, you will receive a confirmation email.

If you encounter any difficulties or have further questions, please don't hesitate to let me know. I'm here to provide any necessary guidance to ensure a smooth account closure process for you."
BLZ,I havea question about the termination of my {{Account Type}} account,ACCOUNT,delete_account,Thank you for bringing up your question about terminating your {{Account Type}} account. We understand that making decisions regarding your account can be important and sometimes complex. Please feel {{Account Type}} to ask your question or provide any specific details about the termination process that you would like assistance with. It is our priority to provide you with all the information and guidance you need to make the best decision for your account.
BL,I need assistance to remove my {{Account Type}} account,ACCOUNT,delete_account,"Appreciate you reaching out to us for assistance with removing your {{Account Type}} account. We understand that sometimes it's necessary to make changes and we're here to support you through this process. To ensure that we address all of your concerns and guide you properly, could you please provide us with some more details about your account and the specific assistance you require for its removal? Your satisfaction is our priority, and we want to make sure that we provide you with the best possible support."
BL,problem with the termination of my pro account,ACCOUNT,delete_account,"I'm sorry to hear that you're experiencing difficulties with the termination of your {{Account Type}} account. I understand that this can be frustrating, and I'm here to assist you. To better address your concern, could you please provide me with more details about the specific problem you are facing? This will help me to provide you with accurate information and guide you through the termination process. Your satisfaction is our top priority, and we are committed to resolving this issue for you."